{"cameraMode":{"drawMode":0,"name":"Shaded","section":"Shading Mode"},"sceneLighting":true,"audioPlay":false,"sceneViewState":{"showFog":true,"showMaterialUpdate":false,"showSkybox":true,"showFlares":true,"showImageEffects":true,"showParticleSystems":true,"showVisualEffectGraphs":true,"m_FxEnabled":true},"in2DMode":false,"pivot":{"x":-0.10691714286804199,"y":3.5345897674560549,"z":-4.204488277435303},"rotation":{"x":0.23763421177864076,"y":0.023309877142310144,"z":-0.0057043167762458328,"w":0.9710583090782166},"size":0.8660253882408142,"orthographic":false}